attendance,midterm,assignment,quiz,study_hours,backlogs,risk_level
95.0,88.0,92.0,85.0,12.0,0,Low
90.0,82.0,88.0,80.0,10.0,0,Low
85.0,78.0,85.0,75.0,9.0,0,Low
92.0,91.0,95.0,89.0,14.0,0,Low
88.0,80.0,82.0,78.0,8.0,0,Low
78.0,65.0,70.0,60.0,6.0,1,Medium
72.0,60.0,65.0,58.0,5.0,1,Medium
75.0,68.0,72.0,62.0,7.0,0,Medium
68.0,55.0,60.0,50.0,4.0,2,Medium
70.0,58.0,62.0,52.0,5.0,1,Medium
50.0,40.0,45.0,35.0,2.0,3,High
45.0,35.0,40.0,30.0,1.0,4,High
55.0,42.0,48.0,38.0,3.0,2,High
40.0,30.0,35.0,25.0,1.0,4,High
52.0,38.0,42.0,32.0,2.0,3,High
98.0,95.0,96.0,92.0,15.0,0,Low
82.0,72.0,78.0,70.0,8.0,0,Low
65.0,50.0,58.0,48.0,4.0,2,Medium
48.0,32.0,38.0,28.0,1.5,3,High
76.0,64.0,71.0,61.0,6.5,1,Medium